Datetime,Water Level (m)
2025-11-05 18:00:00,0.6802668
2025-11-05 19:00:00,0.8626356
2025-11-05 20:00:00,0.9075565
2025-11-05 21:00:00,0.7265252
2025-11-05 22:00:00,0.53374887
2025-11-05 23:00:00,0.3379734
2025-11-06 00:00:00,0.16771525
2025-11-06 01:00:00,0.0076201637
2025-11-06 02:00:00,-0.13330491
2025-11-06 03:00:00,-0.21422602
2025-11-06 04:00:00,-0.047462024
2025-11-06 05:00:00,0.23334982
2025-11-06 06:00:00,0.612693
2025-11-06 07:00:00,0.7984775
2025-11-06 08:00:00,0.8260655
2025-11-06 09:00:00,0.62731385
2025-11-06 10:00:00,0.443096
2025-11-06 11:00:00,0.26294842
2025-11-06 12:00:00,0.10057152
2025-11-06 13:00:00,-0.053529453
2025-11-06 14:00:00,-0.19325371
2025-11-06 15:00:00,-0.2768124
2025-11-06 16:00:00,-0.11944561
2025-11-06 17:00:00,0.14523919
2025-11-06 18:00:00,0.5858948
2025-11-06 19:00:00,0.86118644
2025-11-06 20:00:00,1.0122868
2025-11-06 21:00:00,0.97021466
2025-11-06 22:00:00,0.7385491
2025-11-06 23:00:00,0.5485763
2025-11-07 00:00:00,0.35881928
2025-11-07 01:00:00,0.18993779
2025-11-07 02:00:00,0.030327328
2025-11-07 03:00:00,-0.105839655
2025-11-07 04:00:00,-0.15268765
2025-11-07 05:00:00,0.05265196
2025-11-07 06:00:00,0.31794792
2025-11-07 07:00:00,0.6584025
2025-11-07 08:00:00,0.7908875
2025-11-07 09:00:00,0.7271956
2025-11-07 10:00:00,0.541644
2025-11-07 11:00:00,0.36824113
2025-11-07 12:00:00,0.20537108
2025-11-07 13:00:00,0.05112828
2025-11-07 14:00:00,-0.096142426
2025-11-07 15:00:00,-0.22849405
2025-11-07 16:00:00,-0.26204583
2025-11-07 17:00:00,-0.04778395
2025-11-07 18:00:00,0.2053646
2025-11-07 19:00:00,0.6617102
2025-11-07 20:00:00,0.8908799
2025-11-07 21:00:00,0.9973655
2025-11-07 22:00:00,0.8653478
2025-11-07 23:00:00,0.6567809
2025-11-08 00:00:00,0.46465525
2025-11-08 01:00:00,0.2916215
2025-11-08 02:00:00,0.12748706
2025-11-08 03:00:00,-0.024290284
2025-11-08 04:00:00,-0.14867236
2025-11-08 05:00:00,-0.15551996
2025-11-08 06:00:00,0.05477688
2025-11-08 07:00:00,0.3071593
2025-11-08 08:00:00,0.59331256
2025-11-08 09:00:00,0.696315
2025-11-08 10:00:00,0.57526696
2025-11-08 11:00:00,0.4249207
2025-11-08 12:00:00,0.26181883
2025-11-08 13:00:00,0.11221938
2025-11-08 14:00:00,-0.03217389
2025-11-08 15:00:00,-0.16892894
2025-11-08 16:00:00,-0.27571607
2025-11-08 17:00:00,-0.2514703
2025-11-08 18:00:00,-0.006931246
2025-11-08 19:00:00,0.25715005
2025-11-08 20:00:00,0.686378
2025-11-08 21:00:00,0.86093336
2025-11-08 22:00:00,0.9003124
2025-11-08 23:00:00,0.7290816
2025-11-09 00:00:00,0.5483747
2025-11-09 01:00:00,0.36777055
2025-11-09 02:00:00,0.20838335
2025-11-09 03:00:00,0.05955993
2025-11-09 04:00:00,-0.078534275
2025-11-09 05:00:00,-0.17849943
2025-11-09 06:00:00,-0.120378405
2025-11-09 07:00:00,0.083970115
2025-11-09 08:00:00,0.31540245
2025-11-09 09:00:00,0.5175853
2025-11-09 10:00:00,0.54618716
2025-11-09 11:00:00,0.48314995
2025-11-09 12:00:00,0.32991076
2025-11-09 13:00:00,0.1851552
2025-11-09 14:00:00,0.050327614
2025-11-09 15:00:00,-0.08257522
2025-11-09 16:00:00,-0.20055664
2025-11-09 17:00:00,-0.2702264
2025-11-09 18:00:00,-0.15971234
2025-11-09 19:00:00,0.07159231
2025-11-09 20:00:00,0.38704136
2025-11-09 21:00:00,0.69244725
2025-11-09 22:00:00,0.83269495
2025-11-09 23:00:00,0.8138968
2025-11-10 00:00:00,0.653701
2025-11-10 01:00:00,0.48351005
2025-11-10 02:00:00,0.32216012
2025-11-10 03:00:00,0.17737125
2025-11-10 04:00:00,0.038794313
2025-11-10 05:00:00,-0.081505045
2025-11-10 06:00:00,-0.1512129
2025-11-10 07:00:00,-0.071998745
2025-11-10 08:00:00,0.109805934
2025-11-10 09:00:00,0.3110718
2025-11-10 10:00:00,0.43805033
2025-11-10 11:00:00,0.48906404
2025-11-10 12:00:00,0.42291367
2025-11-10 13:00:00,0.29217288
2025-11-10 14:00:00,0.16374204
2025-11-10 15:00:00,0.04207736
2025-11-10 16:00:00,-0.07703565
2025-11-10 17:00:00,-0.17527835
2025-11-10 18:00:00,-0.20466499
2025-11-10 19:00:00,-0.06559882
2025-11-10 20:00:00,0.14768583
2025-11-10 21:00:00,0.37057897
2025-11-10 22:00:00,0.6597154
2025-11-10 23:00:00,0.74491894
2025-11-11 00:00:00,0.6800609
2025-11-11 01:00:00,0.56759113
2025-11-11 02:00:00,0.40996358
2025-11-11 03:00:00,0.2718995
2025-11-11 04:00:00,0.13693093
2025-11-11 05:00:00,0.014364198
2025-11-11 06:00:00,-0.09159001
2025-11-11 07:00:00,-0.14212406
2025-11-11 08:00:00,-0.06200276
2025-11-11 09:00:00,0.09095882
2025-11-11 10:00:00,0.26559132
2025-11-11 11:00:00,0.37722984
2025-11-11 12:00:00,0.4193388
2025-11-11 13:00:00,0.37993184
2025-11-11 14:00:00,0.2655155
2025-11-11 15:00:00,0.14886399
2025-11-11 16:00:00,0.039348338
2025-11-11 17:00:00,-0.065851614
2025-11-11 18:00:00,-0.14783691
